movement_id,user_id,status_id,transition_date,value
fb8a893c-041a-4dba-8853-ee974072928a,88d097d6-9b7a-47c2-a97b-ff2b649f5b8e,1,6/19/2023,156086
d54f25ce-7fd7-4a2c-955a-a839508098a7,88d097d6-9b7a-47c2-a97b-ff2b649f5b8e,2,6/28/2023,158360
748d1361-ddb7-407c-9145-4ee36aba0357,aec37ae4-247c-4312-a1e1-cbdb7b913574,1,3/24/2024,182587
d34468f1-4232-4207-8909-6ed090dba86a,aec37ae4-247c-4312-a1e1-cbdb7b913574,2,3/31/2024,140220
deb26d7d-5413-4f8e-895a-4b216b3a9e17,aec37ae4-247c-4312-a1e1-cbdb7b913574,3,4/5/2024,180235
25ee2161-1b3c-4f63-afdf-eed5c415a5c9,7497b687-c3e7-48ae-bedb-4f6b46b4a806,1,5/5/2024,123012
dd6b68d4-f6c6-4152-92fb-afecf31ad506,7497b687-c3e7-48ae-bedb-4f6b46b4a806,2,5/19/2024,157682
bca2e46e-ca50-4f2c-ade1-169dbb707bde,7497b687-c3e7-48ae-bedb-4f6b46b4a806,3,5/27/2024,99123
7e32c4fc-f654-4f79-a61a-b6162d0f9af2,7497b687-c3e7-48ae-bedb-4f6b46b4a806,4,5/20/2024,86921
0e4786d3-a6ff-4844-84ec-ff2f65d7adb6,7497b687-c3e7-48ae-bedb-4f6b46b4a806,5,5/25/2024,61506
7561c4c0-68e5-4323-b746-5e16ed655a9f,7497b687-c3e7-48ae-bedb-4f6b46b4a806,6,6/4/2024,188113
454032c9-cd93-4688-bf0a-a571ced86928,eaac348d-d1e6-46a4-98af-8a114aa286fb,1,2/26/2024,128273
68e7d4d4-ebd6-4397-b56f-e15445835697,eaac348d-d1e6-46a4-98af-8a114aa286fb,2,3/10/2024,191114
cf3b4d8b-3364-4972-b205-cfb102395ed2,eaac348d-d1e6-46a4-98af-8a114aa286fb,3,3/25/2024,139556
c8f3b666-eea7-4d63-8d87-5438f5cfb0f9,4d2206c8-496c-4ca1-9477-5a1df203e2e6,1,4/23/2024,59987
2c37b5ab-55c5-4cc1-8017-414a0fd3e41b,4d2206c8-496c-4ca1-9477-5a1df203e2e6,2,5/1/2024,173964
8b864bd6-17a2-401c-b50c-dcd193516dc0,9d3397a9-546a-40e9-97a7-d7ec39b50aaa,1,1/3/2024,56953
3bdd45cc-51e3-41b7-aba5-400b21cbcf86,9d3397a9-546a-40e9-97a7-d7ec39b50aaa,2,1/11/2024,160389
4717ecf6-86fe-4166-ab2a-deeb42b6b67c,9d3397a9-546a-40e9-97a7-d7ec39b50aaa,3,1/27/2024,153811
977add7c-983b-4609-984d-9f33af1ffc58,9d3397a9-546a-40e9-97a7-d7ec39b50aaa,4,2/14/2024,136521
d10f4fdd-e6ba-4d2f-894e-76f6a364f839,9d3397a9-546a-40e9-97a7-d7ec39b50aaa,5,2/8/2024,61519
e74cc5e9-f98f-4aa0-82e4-5218bb3ae18b,9d3397a9-546a-40e9-97a7-d7ec39b50aaa,6,1/28/2024,194891
9d2748a4-6e42-4a8b-9e88-1c2f6819ad91,dfb74076-bac2-437b-935e-b028e3b951b8,1,3/28/2024,132379
500565da-61b4-436f-af09-6c8c4363f286,dfb74076-bac2-437b-935e-b028e3b951b8,2,4/7/2024,67106
fd510cbb-725d-44e7-bcf7-afce073ce075,dfb74076-bac2-437b-935e-b028e3b951b8,3,4/15/2024,81870
92780589-3885-4697-a425-fda82329dbca,e10bd8a5-cbf6-4624-a773-76337c707912,1,8/19/2023,78994
e8513db2-3802-4b95-b5a0-c488de178281,e10bd8a5-cbf6-4624-a773-76337c707912,2,8/29/2023,145399
0040baac-efad-48d3-b42e-fa65c8d1f74d,e10bd8a5-cbf6-4624-a773-76337c707912,3,8/31/2023,116643
da8da057-279d-457e-89dc-953ace5c2db9,ada2ced2-6012-4390-8f8a-874869574899,1,2/29/2024,167759
0c14d62d-0098-479a-9a19-1168e9fbb6a3,ada2ced2-6012-4390-8f8a-874869574899,2,3/6/2024,55368
ae3ab382-d85e-4e6a-a030-f40822dad782,64dcb5a0-b95b-47d7-93e9-a1a1061b6501,1,5/1/2024,67989
88943ffc-6cec-49cc-b57d-eb99ddf0859f,64dcb5a0-b95b-47d7-93e9-a1a1061b6501,2,5/15/2024,160216
a6eb21b8-5c08-4e9f-a892-1e8a7ecc6e1d,64dcb5a0-b95b-47d7-93e9-a1a1061b6501,3,5/19/2024,77218
a06997b6-7e08-43ae-b8e4-909f9f81d50f,64dcb5a0-b95b-47d7-93e9-a1a1061b6501,4,5/16/2024,181053
729fc42a-6ce0-45f1-abce-955ca28bc040,251dde81-4450-49c3-bdfd-42471616a90a,1,6/30/2023,129236
65d7db03-f28f-4877-b708-1af909470e96,251dde81-4450-49c3-bdfd-42471616a90a,2,7/6/2023,103340
2ec966c3-1e2d-4c0c-9118-e7ef979cc85a,251dde81-4450-49c3-bdfd-42471616a90a,3,7/22/2023,158937
21a77909-64a8-4985-9cfe-7ab652ddf826,251dde81-4450-49c3-bdfd-42471616a90a,4,7/18/2023,86367
0ba4f2d0-5218-45b7-9000-84b28525ece8,251dde81-4450-49c3-bdfd-42471616a90a,5,8/21/2023,142103
49314d2c-c55c-49dd-8398-414b5277a701,004ebb46-9f94-4d7e-a98b-5b2dd57b9392,1,2/13/2024,90722
39b20eb9-a0a0-46e4-a076-95bdca8cce2b,004ebb46-9f94-4d7e-a98b-5b2dd57b9392,2,2/27/2024,182936
983bfae9-7895-4596-a23e-53504619bfd2,004ebb46-9f94-4d7e-a98b-5b2dd57b9392,3,3/4/2024,156431
ae5844c6-a8eb-4742-a1b2-524ad2e874ec,004ebb46-9f94-4d7e-a98b-5b2dd57b9392,4,3/26/2024,165711
f061e1aa-1c89-4470-b0fb-5aa245b5733d,8250428d-061d-4d81-87f1-d90b4de0ed90,1,9/18/2023,143524
5f0a399d-6a9d-4652-a448-4b07f7b7f2ab,8250428d-061d-4d81-87f1-d90b4de0ed90,2,9/23/2023,118231
a09adfe0-4355-452c-b5d9-dd493b1e81f2,8250428d-061d-4d81-87f1-d90b4de0ed90,3,10/18/2023,69505
9c7bf113-2c2f-49db-8b5f-301adbbb518f,a412f1f2-413a-40a7-bb54-b91c4af9553a,1,10/21/2023,110035
de285aba-e61a-4a7c-b268-7ec63c222db2,a412f1f2-413a-40a7-bb54-b91c4af9553a,2,10/27/2023,73954
6efae253-2850-4c91-9a1d-408aed6cb414,a412f1f2-413a-40a7-bb54-b91c4af9553a,3,11/6/2023,157346
8afb1627-21bf-4aec-a6ed-e71f10185bfb,00aa610a-6489-4318-bd96-c2d0818c992c,1,3/8/2024,131779
9511ac3b-aee3-4c65-b6e6-37f4a6466020,00aa610a-6489-4318-bd96-c2d0818c992c,2,3/17/2024,182989
63250a12-d641-4e56-ba2a-9b2b5511e5ff,26a861f4-8f38-4262-a781-6747541d9d99,1,3/12/2024,185193
f2830694-9bc6-4d7b-8da0-3e52d51c4360,26a861f4-8f38-4262-a781-6747541d9d99,2,3/22/2024,115685
cb5b58be-f056-45b6-9a41-41b77aaf6828,26a861f4-8f38-4262-a781-6747541d9d99,3,3/26/2024,185781
d69ccba2-4c30-4725-a871-72852a2be0ba,26a861f4-8f38-4262-a781-6747541d9d99,4,4/11/2024,185570
ccac1b4c-35e3-42b4-a946-f167b1641d9a,26a861f4-8f38-4262-a781-6747541d9d99,5,4/21/2024,165570
84feaf78-c384-4419-a98b-75c9426c2c3f,ecd6c3f2-9228-4631-b877-30767eae0174,1,1/17/2024,61094
3599deb4-2b00-4426-b362-2c5fc34c72bc,ecd6c3f2-9228-4631-b877-30767eae0174,2,1/26/2024,76016
fca3581b-9dbd-4064-963c-860475ab262c,ecd6c3f2-9228-4631-b877-30767eae0174,3,2/16/2024,79081
6d36dcd7-c672-446f-a388-f6e65f1e5065,bf79166d-bb9d-4650-96bc-a354d6718134,1,8/6/2023,193178
d2a5f767-ed00-4d45-a1a9-a6402aa13e60,bf79166d-bb9d-4650-96bc-a354d6718134,2,8/21/2023,162085
f05202ef-0975-4eed-b333-c2f70b06f85c,7c4cf37d-cbc4-4fe8-801e-852d3406e7c7,1,3/31/2024,99894
4468dc0c-b891-4950-a722-70683d336211,7c4cf37d-cbc4-4fe8-801e-852d3406e7c7,2,4/8/2024,173751
7adb8149-0b0e-443a-9691-1124bb8d4385,7c4cf37d-cbc4-4fe8-801e-852d3406e7c7,3,4/14/2024,125074
77d970ea-d94a-4f40-9e81-d02cb8504c06,d4c1b7d6-56de-4067-a70c-0c786a8b5d56,1,2/4/2024,158747
e2c85e8a-b7e2-44b0-928a-9dda3daf3137,d4c1b7d6-56de-4067-a70c-0c786a8b5d56,2,2/13/2024,186564
d8c59caf-f5b0-40ab-9dc5-ec061a9995b0,d4c1b7d6-56de-4067-a70c-0c786a8b5d56,3,3/5/2024,51100
3b7dea6e-40a4-4088-b7bf-56b9e9c5be56,d4c1b7d6-56de-4067-a70c-0c786a8b5d56,4,3/14/2024,157529
a712c651-b452-44fa-bfbb-dbb0eff24767,d4c1b7d6-56de-4067-a70c-0c786a8b5d56,5,3/7/2024,148083
5561a03a-c045-4d08-b1f2-455b92ab2e3f,1e4c25fe-4345-471b-b82b-882c208fcadd,1,4/20/2024,52090
5b646e05-1905-4e89-964a-465374ace2f6,1e4c25fe-4345-471b-b82b-882c208fcadd,2,4/28/2024,187370
57bfaf50-dfc0-4a8a-b8a9-62bd86308bf3,1e4c25fe-4345-471b-b82b-882c208fcadd,3,4/30/2024,142345
232023b6-44f8-42ca-86e5-0a3141aab82d,1e4c25fe-4345-471b-b82b-882c208fcadd,4,5/20/2024,188869
92695548-5bfd-49a3-8d1b-0329eb21ccc0,dd65452c-cef1-4107-aef8-97de52b7fe84,1,9/12/2023,158870
4a6251c3-08bd-4fb2-a79b-2ddaf023add8,dd65452c-cef1-4107-aef8-97de52b7fe84,2,9/18/2023,75199
966e6511-b231-4277-a75a-9163f52ae75a,dd65452c-cef1-4107-aef8-97de52b7fe84,3,9/28/2023,115932
c71b4fe0-2641-409a-b1a9-ef7b5ce2da85,dd65452c-cef1-4107-aef8-97de52b7fe84,4,10/24/2023,58726
caf509bd-146b-476c-93e8-febaec4c221c,dd65452c-cef1-4107-aef8-97de52b7fe84,5,10/22/2023,110941
33238a84-7023-49c2-a544-e8a2f4bcfd4e,76bd3f6a-74b9-43b9-967a-a564189f1d2c,1,11/8/2023,78343
5e071512-5b90-4ba5-8c8e-2572c9cf5053,76bd3f6a-74b9-43b9-967a-a564189f1d2c,2,11/20/2023,196651
0e0afc11-3969-4f8f-8b14-1ce4a8676ea5,76bd3f6a-74b9-43b9-967a-a564189f1d2c,3,11/30/2023,177153
0f85bf1e-be84-4839-bb5e-be0898e17361,e11dd653-aafa-4045-a180-34f49eb4b055,1,7/21/2023,156909
358f2313-f0cc-4070-95b8-799698f51d99,e11dd653-aafa-4045-a180-34f49eb4b055,2,7/30/2023,59458
a05187f8-3c48-48ca-9db9-37e34aa0470d,e11dd653-aafa-4045-a180-34f49eb4b055,3,8/4/2023,60474
a2ca4244-7269-471e-a241-e30ebdea72f2,e11dd653-aafa-4045-a180-34f49eb4b055,4,8/14/2023,150296
d4a9dcc3-7a57-428d-aab4-204d0fb26937,e11dd653-aafa-4045-a180-34f49eb4b055,5,9/11/2023,188859
4a9a0227-48e8-4af6-bb18-776000222341,3a93797a-e7f2-4d7b-b33c-d0fbc3c23a0e,1,11/23/2023,84573
77a47ccb-4a58-450e-9de2-6a06c6c5b4cb,3a93797a-e7f2-4d7b-b33c-d0fbc3c23a0e,2,12/7/2023,141924
e6ca5bd5-9b6c-411d-b544-65bd4c6bad88,3a93797a-e7f2-4d7b-b33c-d0fbc3c23a0e,3,12/15/2023,66796
cff8e0ef-9e17-444f-8920-4ba7381d1f2a,3a93797a-e7f2-4d7b-b33c-d0fbc3c23a0e,4,1/4/2024,198328
328f775e-34d4-4141-b590-fdf8228105ca,3a93797a-e7f2-4d7b-b33c-d0fbc3c23a0e,5,1/6/2024,195068
056d9494-49f5-493f-9efe-a332704b8471,3a93797a-e7f2-4d7b-b33c-d0fbc3c23a0e,6,1/12/2024,129376
312028bc-dd99-4cbe-baf6-7cb928754f10,44487ab3-2941-45dc-98a5-9a441fe295ff,1,1/27/2024,197018
58ebb0f1-2c76-43f3-b674-5c1f7b1ee7d6,44487ab3-2941-45dc-98a5-9a441fe295ff,2,2/9/2024,198437
d1ae8316-19f1-44f2-add2-fb0d66b70040,44487ab3-2941-45dc-98a5-9a441fe295ff,3,2/20/2024,67552
acef0e34-4ae3-40d7-b331-c7a58714fab5,19b94c8e-7c09-4904-9120-8212de8c18f9,1,3/27/2024,198348
13753408-38f4-42a9-9bfc-8a2e75df0a42,19b94c8e-7c09-4904-9120-8212de8c18f9,2,4/2/2024,69464
94f3a7d2-4ab3-4252-b28e-254746c8889c,85193447-c00e-4c3e-8920-7a0c88262b59,1,12/13/2023,110715
f6abe163-2923-4dc6-ac6f-a8e7d72da417,85193447-c00e-4c3e-8920-7a0c88262b59,2,12/20/2023,178820
d55c1514-67a3-4ec2-b132-aafacf262cb0,85193447-c00e-4c3e-8920-7a0c88262b59,3,1/12/2024,114639
5c4007e2-341a-4e8c-940d-ec3806121dad,86b05089-f6f0-4f7d-8a4c-3e49af879f49,1,9/30/2023,153946
2faeb69d-875f-45da-8ce8-46f8494cd027,86b05089-f6f0-4f7d-8a4c-3e49af879f49,2,10/6/2023,157121
254f2a07-2399-4410-8cf9-7907371c8799,86b05089-f6f0-4f7d-8a4c-3e49af879f49,3,10/22/2023,80828
9a4a2211-f02e-432d-bcbf-571b3a638304,86b05089-f6f0-4f7d-8a4c-3e49af879f49,4,11/2/2023,186673
61d45aa7-ffa7-4a80-9b69-1b4c5eb23b27,86b05089-f6f0-4f7d-8a4c-3e49af879f49,5,11/25/2023,160424
2eef7075-95a6-4b9c-b633-99e86a92dd62,f4cc0be8-d06e-4337-b236-1cc3f5bf06c4,1,7/17/2023,105673
5606284a-8d8c-409d-9fca-9c76a85c25d2,f4cc0be8-d06e-4337-b236-1cc3f5bf06c4,2,7/26/2023,54100
34322439-6ba1-4123-ab3c-8979ed6dafde,f4cc0be8-d06e-4337-b236-1cc3f5bf06c4,3,8/12/2023,70357
225ea250-cc32-40df-8f0f-b0718166cb05,f4cc0be8-d06e-4337-b236-1cc3f5bf06c4,4,8/1/2023,186105
5ace6e88-dcb9-4655-b401-0d759b67a9cb,f4cc0be8-d06e-4337-b236-1cc3f5bf06c4,5,9/15/2023,104886
7939a96e-c813-4c33-9ed3-702a7f5438f8,bc976248-e70f-4950-a749-34aa1f664a60,1,6/24/2023,180175
c502699a-a2ce-498a-9d8b-a1574a2770b8,bc976248-e70f-4950-a749-34aa1f664a60,2,7/7/2023,124479
6d392d6f-5ab3-4299-a0f4-d7d9ca9e8efc,18db5041-ac49-4618-b4f1-2a384b5c5187,1,10/23/2023,51448
95caf85d-902d-425c-89f7-84ffc2e2422f,18db5041-ac49-4618-b4f1-2a384b5c5187,2,11/2/2023,196495
4f7111b7-256a-40a3-a44d-b7866e132292,18db5041-ac49-4618-b4f1-2a384b5c5187,3,11/4/2023,77580
36a39e5a-793f-49d0-bfcc-d749c92b47d4,18db5041-ac49-4618-b4f1-2a384b5c5187,4,11/19/2023,67903
0d6d6935-eb00-45f1-ad4d-03d22962641d,43c3917c-79d4-43c6-a69e-df19d8f53601,1,7/24/2023,81219
ed0c186e-ede9-47d2-9b87-1412885be513,43c3917c-79d4-43c6-a69e-df19d8f53601,2,8/5/2023,63124
f7b0470c-40c4-4a57-adc5-7a897bc13c3e,43c3917c-79d4-43c6-a69e-df19d8f53601,3,8/3/2023,103686
501f3f98-7095-4a29-8e25-67e2d5c61474,43c3917c-79d4-43c6-a69e-df19d8f53601,4,8/20/2023,90677
dedd369b-bbc4-4e0a-ac4d-9833cde2fe2f,43c3917c-79d4-43c6-a69e-df19d8f53601,5,9/14/2023,152631
4752494e-ceb0-4790-a73e-9586e6d70398,68391982-7549-4dcd-861f-14c2842db273,1,12/29/2023,192945
7b0403c3-eb1d-4533-aea7-f0372b0e3c39,68391982-7549-4dcd-861f-14c2842db273,2,1/4/2024,177920
fabeb05e-9226-4780-849b-cf410e21796f,68391982-7549-4dcd-861f-14c2842db273,3,1/28/2024,80028
e50fd9db-ace0-4a22-9810-506e7096b845,c89876ed-4b06-4ca4-87cd-6f6cb0c457d4,1,4/24/2024,97339
d77f43c7-4f64-4129-91a1-e8fc8e9aa79b,c89876ed-4b06-4ca4-87cd-6f6cb0c457d4,2,5/7/2024,136728
574279eb-6c98-4fae-8447-c4f98e5e7040,c89876ed-4b06-4ca4-87cd-6f6cb0c457d4,3,5/22/2024,102746
ea7ca58b-9167-4941-92db-e4fa96743161,c89876ed-4b06-4ca4-87cd-6f6cb0c457d4,4,5/18/2024,161484
5cf3ae97-a631-4dfc-94c7-9e1c1dfe467c,082abf81-17f2-4a1e-b866-453c03b6fa7b,1,6/26/2023,53038
443ebbf3-ec1b-4ad7-8046-ded160182173,082abf81-17f2-4a1e-b866-453c03b6fa7b,2,7/3/2023,142484
b2f466af-7b95-4f5c-ba45-03b61953a075,082abf81-17f2-4a1e-b866-453c03b6fa7b,3,7/22/2023,171143
f8859f44-cbf0-482d-be5c-e9195bceebc3,d0979c57-35cd-4bff-be6b-72f946de91ab,1,10/4/2023,124014
ca797cbc-8b3e-4d33-be04-8a06e1a3fb2f,d0979c57-35cd-4bff-be6b-72f946de91ab,2,10/18/2023,102957
61a1ecb9-8256-49e3-b72a-1e9d54ca41bd,d0979c57-35cd-4bff-be6b-72f946de91ab,3,10/24/2023,129717
3b422cc4-a9a9-4307-abf0-b43e3945cdd6,d0979c57-35cd-4bff-be6b-72f946de91ab,4,11/9/2023,100728
675de004-3c5a-401b-830a-e1e39ee8d81e,d0979c57-35cd-4bff-be6b-72f946de91ab,5,10/24/2023,175637
dc163ce5-7833-4e74-9e0c-486df7936f06,d0979c57-35cd-4bff-be6b-72f946de91ab,6,11/3/2023,191550
2de1ef6b-58f2-46ed-b979-1b8ef582735e,c7418aa0-2562-4d26-93d3-a3adb8434225,1,6/23/2023,112063
4500ae63-2e4f-48d2-897e-16aba5262854,c7418aa0-2562-4d26-93d3-a3adb8434225,2,7/1/2023,87507
515fe92f-c1cf-4e52-8ba7-47c10849d99a,c7418aa0-2562-4d26-93d3-a3adb8434225,3,7/3/2023,151589
a27e0aed-a828-4b09-ac27-861283602725,c7418aa0-2562-4d26-93d3-a3adb8434225,4,7/17/2023,174521
21d42437-964a-4a13-b647-5068541f8e15,8d34edb3-51c4-4f2b-9f29-368a6f4975b1,1,10/22/2023,79553
9e3aa25c-afa9-4490-8bdb-d4adc0e500a3,8d34edb3-51c4-4f2b-9f29-368a6f4975b1,2,10/28/2023,54589
1e15483b-c549-43c2-9146-2a169870de0e,8d34edb3-51c4-4f2b-9f29-368a6f4975b1,3,11/15/2023,185118
56c65082-e474-4c32-afab-b8ac29dbbcca,8d34edb3-51c4-4f2b-9f29-368a6f4975b1,4,11/9/2023,112280
c9bed926-cfa0-4a1e-a323-3f07ce46fced,8d34edb3-51c4-4f2b-9f29-368a6f4975b1,5,12/13/2023,145748
040ff155-0a4f-4bcf-b2f5-efff82d7bbb8,8d34edb3-51c4-4f2b-9f29-368a6f4975b1,6,11/26/2023,76900
cfb4b29e-bf59-4e64-8e43-4d0c137789db,029f6c23-8ce4-418e-8663-ed3b9ee99a8a,1,2/6/2024,68400
fb01d424-84be-4329-86d9-7cd8a27cf546,029f6c23-8ce4-418e-8663-ed3b9ee99a8a,2,2/18/2024,157184
78ca99e0-486a-4521-a460-c83c5c8482c0,029f6c23-8ce4-418e-8663-ed3b9ee99a8a,3,3/3/2024,125087
ae703498-ca4c-4327-a9c8-adcdc2b64030,a6c84d62-d033-42f1-9066-c9c4981a273c,1,6/2/2024,100613
d230a6f4-3064-456f-bbc3-7c36ed628091,a6c84d62-d033-42f1-9066-c9c4981a273c,2,6/15/2024,85087
2906ca4e-baf9-4d89-85b5-d132edc06e40,a6c84d62-d033-42f1-9066-c9c4981a273c,3,6/30/2024,197436
d0eabf5e-980a-4b83-abf1-4e01a1016848,e1b5ab85-5043-4e93-9bd8-26b481923123,1,6/17/2023,164580
6a5d585a-1beb-4520-bdc1-efce948f26a6,e1b5ab85-5043-4e93-9bd8-26b481923123,2,6/30/2023,161443
2a8bd5b3-dc41-45a7-9548-dd52566f99d0,e1b5ab85-5043-4e93-9bd8-26b481923123,3,7/3/2023,58652
ddae73d6-059b-4cec-a8ab-c763b393841b,e1b5ab85-5043-4e93-9bd8-26b481923123,4,7/14/2023,78228
303c4be3-373d-4c51-a236-80f9cda68963,e1b5ab85-5043-4e93-9bd8-26b481923123,5,7/31/2023,70297
9692e3a3-5e44-412f-b024-d86caa35eeac,b1802626-e6e6-4a67-b761-26d4c14a29bf,1,4/22/2024,108702
2e305edc-058e-4ecc-9966-6cbfa15014ad,b1802626-e6e6-4a67-b761-26d4c14a29bf,2,5/5/2024,199232
65f768db-7963-47b0-a436-f415ad677367,b1802626-e6e6-4a67-b761-26d4c14a29bf,3,5/16/2024,88099
8070aac1-eb45-4ad9-8383-24b6a5d83a72,b1802626-e6e6-4a67-b761-26d4c14a29bf,4,5/10/2024,154042
ec61857e-f13d-4585-937f-98b8d62ff1b7,cfd4c940-8b40-4316-a8ae-ff2eb979149e,1,9/4/2023,78243
dde6b6ef-8aac-4228-8d3b-0356b04fc816,cfd4c940-8b40-4316-a8ae-ff2eb979149e,2,9/10/2023,181642
6241e85d-25b9-4a6a-8a02-776aecd010f6,cfd4c940-8b40-4316-a8ae-ff2eb979149e,3,9/24/2023,113502
f47f06f1-d00f-42b0-a692-65f2702cf29d,2e242818-9290-40e1-b7b3-7fec7f27c368,1,8/30/2023,123867
04e0168c-e3ad-4ffa-8278-54966c15e441,2e242818-9290-40e1-b7b3-7fec7f27c368,2,9/12/2023,199834
957219f6-1486-42fc-bc2b-eedce4101257,2be401b7-4010-4c36-b1b9-0e244247abb3,1,2/25/2024,148827
c906ab50-fcc4-4c54-b900-d6973b5c114c,2be401b7-4010-4c36-b1b9-0e244247abb3,2,3/4/2024,69368
1a611d9c-0db3-4063-816d-f507c3386b39,2be401b7-4010-4c36-b1b9-0e244247abb3,3,3/6/2024,170464
5bf642b5-3b18-4074-a02d-b926d507b4ea,27f715fe-b9fd-435e-ae39-b6571fe19205,1,8/14/2023,152924
ee07ac77-9e3d-4983-b12c-cbf680f9742e,27f715fe-b9fd-435e-ae39-b6571fe19205,2,8/19/2023,185534
c53b1e7b-5dae-425f-b527-0bb6806557f5,38d91af6-791c-4ad9-a0f8-33df4d87363d,1,2/9/2024,149504
c2f515ef-b676-4dd2-ac8c-a20d6e7d7a0e,38d91af6-791c-4ad9-a0f8-33df4d87363d,2,2/14/2024,74540
08690376-1ed1-48c7-b7db-8cefba0bcac4,38d91af6-791c-4ad9-a0f8-33df4d87363d,3,2/29/2024,193477
257518b9-fc0b-4537-a29b-7d9a2466244c,1cdf36f5-3c05-4c62-b473-251ca4087b54,1,10/18/2023,198514
7c98dd89-faec-4a5f-bc6d-5c03333c21f2,1cdf36f5-3c05-4c62-b473-251ca4087b54,2,10/26/2023,124680
9052ddad-0ce3-4fef-bb98-912a07e882ea,1f38bf49-fb9a-480e-a052-291d1f6afe46,1,5/6/2024,55781
4f3a143c-0e62-4a21-a856-a93a4e015f77,1f38bf49-fb9a-480e-a052-291d1f6afe46,2,5/18/2024,159186
5933961f-eeb1-46e4-9802-084cb315f15a,1f38bf49-fb9a-480e-a052-291d1f6afe46,3,5/22/2024,132660
96b38358-6e73-42e9-95ee-e5b582b3fdcb,1f38bf49-fb9a-480e-a052-291d1f6afe46,4,6/14/2024,183685
9928ad9f-6d6f-41ff-893a-5b2dae08fe4f,2738dfdf-c3b8-4556-82a3-795285ce187d,1,11/6/2023,91530
35c9688f-7859-4057-96a0-89ed1ff97863,2738dfdf-c3b8-4556-82a3-795285ce187d,2,11/20/2023,177986
77115cf7-ba7d-4eda-bffc-37bb1b9c3801,2738dfdf-c3b8-4556-82a3-795285ce187d,3,11/30/2023,108455
70440135-4880-431e-8297-1ed0df0db076,48584ca0-9597-49cc-a27a-51cad99c75f8,1,5/5/2024,127275
d390089a-413a-4f50-a289-8662f5717223,48584ca0-9597-49cc-a27a-51cad99c75f8,2,5/16/2024,119896
e668d206-cd49-4d5f-8dd7-a2f2c06b9c91,48584ca0-9597-49cc-a27a-51cad99c75f8,3,5/21/2024,122993
90ba6fa5-021b-45c0-a605-e36633d68178,15d78dc2-72e1-40d7-96bb-33956fe8652e,1,4/9/2024,173136
498d1b6d-0757-41ab-ace0-996d0777acd0,15d78dc2-72e1-40d7-96bb-33956fe8652e,2,4/24/2024,52147
90aa158c-fad7-47d8-9b91-1d9213373f0b,17fc508d-c993-4df6-afe5-fc14850529eb,1,2/29/2024,191821
f5a2d32f-85cb-4a7b-9389-2542e5108c35,17fc508d-c993-4df6-afe5-fc14850529eb,2,3/11/2024,106876
a81df674-1301-4bc2-be77-092a9a83b978,17fc508d-c993-4df6-afe5-fc14850529eb,3,3/22/2024,95793
f0b533eb-659e-4ac4-8b6e-7960a6529886,17fc508d-c993-4df6-afe5-fc14850529eb,4,4/5/2024,118199
d2729c2e-4541-41e0-82e5-5ec4324869dc,17fc508d-c993-4df6-afe5-fc14850529eb,5,3/20/2024,162710
f9589ff7-8924-4391-9e71-edec826f21b6,894d9ed7-74fb-4a91-8e7f-a677fd2d6415,1,8/7/2023,147744
5f4be399-6f3f-4904-ac97-16e8e2a59d4b,894d9ed7-74fb-4a91-8e7f-a677fd2d6415,2,8/18/2023,195407
72f837b1-d152-40c0-8708-9948e3d85eb4,76e72160-28ac-4607-b565-14cbe4891ea1,1,12/5/2023,172220
48d4f277-89a5-4e2e-853c-2877d40e0d31,76e72160-28ac-4607-b565-14cbe4891ea1,2,12/13/2023,113827
d071438f-8fe5-406f-8640-575fb0c03c86,76e72160-28ac-4607-b565-14cbe4891ea1,3,12/21/2023,125424
915ff7f8-daa0-4368-88d5-592e5d089de1,76e72160-28ac-4607-b565-14cbe4891ea1,4,12/29/2023,155258
9db84705-beae-4a18-ab3d-440b2ad00324,1944f599-5cc5-437c-a86d-f72d101efadc,1,8/23/2023,84936
90ddb1d5-cb6f-4675-89af-66163e0f09fc,1944f599-5cc5-437c-a86d-f72d101efadc,2,8/30/2023,120613
720c50e9-8ddd-4f4e-95b5-2bab3adcee51,1944f599-5cc5-437c-a86d-f72d101efadc,3,9/14/2023,83401
8e7f782e-6b7c-4718-9eac-5c07a3d4a3e1,1944f599-5cc5-437c-a86d-f72d101efadc,4,9/13/2023,110339
37a2754c-096a-4646-8980-9ac33a4845a8,1944f599-5cc5-437c-a86d-f72d101efadc,5,9/28/2023,182271
41687f08-7c2a-4394-bf08-ae1cdd190a84,1944f599-5cc5-437c-a86d-f72d101efadc,6,10/22/2023,155493
3767b580-c380-499e-82b5-e70fa151437d,8384c305-8ddf-4462-b750-67848a4eab48,1,10/17/2023,88594
9e1ce3ab-77f8-496e-ae18-d75ec25722ac,8384c305-8ddf-4462-b750-67848a4eab48,2,10/29/2023,54928
d8dce368-44d2-4fe8-8557-cb1ac71dfee9,8384c305-8ddf-4462-b750-67848a4eab48,3,11/12/2023,89815
febfa68b-6fb7-43f6-9844-22bd01ab5680,e4cb8111-8245-4b1e-9ec0-427627105178,1,2/5/2024,146289
84e53ce8-bc68-4495-ae49-044d4ff6ecec,e4cb8111-8245-4b1e-9ec0-427627105178,2,2/20/2024,103352
51021ea9-9760-4074-a42f-3d4b7fca38c1,ba32d910-a31e-48d8-925c-0decc5c96564,1,7/23/2023,171660
6afe0315-86b1-4a2c-bec8-65ab2861dd55,ba32d910-a31e-48d8-925c-0decc5c96564,2,7/29/2023,139042
4736b42d-33b8-4196-9abb-24be61979f18,ba32d910-a31e-48d8-925c-0decc5c96564,3,8/8/2023,152461
e3cf689a-d7cf-4a49-ad5d-00ec80ab5d15,ba32d910-a31e-48d8-925c-0decc5c96564,4,8/13/2023,63613
c0b2be67-4874-4be6-bac6-088138387d13,ba32d910-a31e-48d8-925c-0decc5c96564,5,9/5/2023,146902
235a6c22-8cad-45c3-bb3e-b220d181e694,ba32d910-a31e-48d8-925c-0decc5c96564,6,9/21/2023,159282
b50f3a09-0491-450d-8202-b0a59bb8cc26,cb2e15c1-3430-4c1d-8765-c94d2fc9205e,1,12/18/2023,50098
acef4ef2-276d-4e68-8a9a-8fcaf256e049,cb2e15c1-3430-4c1d-8765-c94d2fc9205e,2,12/29/2023,123632
88d6f2f3-dcbe-4c76-88ea-41b5d262fb30,cb2e15c1-3430-4c1d-8765-c94d2fc9205e,3,12/28/2023,63415
f3967e16-44eb-44bb-8cb4-7c9ed728b54d,cb2e15c1-3430-4c1d-8765-c94d2fc9205e,4,1/8/2024,139261
077afdbc-37e6-43a0-b881-326a60f3a94b,cb2e15c1-3430-4c1d-8765-c94d2fc9205e,5,1/31/2024,111902
4b5df4fa-974c-4470-a10a-4ededddadeb3,3daccccd-aed3-4f84-a988-ef66405c7a69,1,11/27/2023,68294
7969a088-5e28-4afe-96eb-8083c9c327bb,3daccccd-aed3-4f84-a988-ef66405c7a69,2,12/6/2023,121449
11f903ea-2399-484a-b64e-cd66c1325506,ad5e5168-b308-4f3f-8fbc-1639c1faa6b2,1,12/1/2023,93452
8603ba7a-74c4-41cb-80df-bb6ab2c8ad28,ad5e5168-b308-4f3f-8fbc-1639c1faa6b2,2,12/12/2023,194589
6ac235c9-2540-4dda-8888-efdec07a84af,ad5e5168-b308-4f3f-8fbc-1639c1faa6b2,3,12/27/2023,164016
7e34f038-9e73-4e35-a1ee-a11421a454aa,ad5e5168-b308-4f3f-8fbc-1639c1faa6b2,4,1/15/2024,153593
946375af-fa03-4abd-b237-8fdd98f10e87,ad5e5168-b308-4f3f-8fbc-1639c1faa6b2,5,1/18/2024,143890
4febac3f-799a-4441-9fcf-10156b116516,4c931b27-a332-448d-bea2-eda30b0e1dc5,1,9/16/2023,99737
210c6b10-a473-4058-b41d-ce9e26c4bda2,4c931b27-a332-448d-bea2-eda30b0e1dc5,2,9/25/2023,147953
1428ee43-f9f4-4d62-9089-4abb0761a70a,4c931b27-a332-448d-bea2-eda30b0e1dc5,3,10/2/2023,70591
4da4cfc8-cb3a-4884-91a5-6d68c8fdcc28,29e0ed65-3891-4d16-b564-158844ceb3e4,1,3/13/2024,109133
720fd4a0-1c70-490a-91ad-c0fa90eeec39,29e0ed65-3891-4d16-b564-158844ceb3e4,2,3/26/2024,125456
1daf966b-a9ba-42d6-a28f-f0162a98c5b4,81e3bd44-7a2e-484a-be5b-9c3801d07ae5,1,10/5/2023,117012
b64a2d0d-8f06-4cf4-b1b1-f8ca0106d726,81e3bd44-7a2e-484a-be5b-9c3801d07ae5,2,10/10/2023,149084
af2a5672-20e0-467d-a20b-28aaf60e08fc,479dafe0-7a00-4234-92a0-30ac748b553d,1,5/10/2024,53076
4307620b-85e0-4aa6-b723-ffa39ae6cce3,479dafe0-7a00-4234-92a0-30ac748b553d,2,5/22/2024,98370
d1673fec-b233-4b05-836a-47f8ddf59bac,aafac0a2-7f98-431c-bf0c-ea8d3f410462,1,5/9/2024,197167
23a076de-02f9-4e5e-b53c-92bebd01f8c6,aafac0a2-7f98-431c-bf0c-ea8d3f410462,2,5/16/2024,153476
e1888334-72e0-4ec5-9dc6-8779487df89a,aafac0a2-7f98-431c-bf0c-ea8d3f410462,3,5/19/2024,124717
f9430236-6f11-4524-90e6-8b62ba691105,aafac0a2-7f98-431c-bf0c-ea8d3f410462,4,6/17/2024,114594
368734ff-3b35-436b-a527-ed41439b2b82,aafac0a2-7f98-431c-bf0c-ea8d3f410462,5,6/2/2024,182038
b293a101-373e-4b5b-bc78-2929b4da731f,aafac0a2-7f98-431c-bf0c-ea8d3f410462,6,6/13/2024,143611
7c9c2f11-6669-4a1a-846f-0a1ba9be1c90,eecd3b24-bb67-4d75-a9eb-1fcc2c00aaaa,1,4/4/2024,85684
c549ed4b-e369-4245-9b1f-15b6f42c366c,eecd3b24-bb67-4d75-a9eb-1fcc2c00aaaa,2,4/10/2024,141771
094dd001-ffea-47d4-9fd2-57ca114d74e8,c38d40cf-15b9-476d-90fd-88f68cf921b9,1,6/27/2023,147163
4e46f4b2-3048-487c-9818-649da5a10934,c38d40cf-15b9-476d-90fd-88f68cf921b9,2,7/3/2023,147645
e6ddc7fc-8ac8-45bb-8d94-16cc49a9ed4b,c38d40cf-15b9-476d-90fd-88f68cf921b9,3,7/25/2023,102686
9a260fc4-6f42-4758-a250-8dca034d26de,25977099-4951-4980-ad00-afa6de02844d,1,12/9/2023,191178
a120f754-2e62-41cf-8ac2-376bd4313e04,25977099-4951-4980-ad00-afa6de02844d,2,12/23/2023,163157
9aa9850d-7c85-4204-bd32-4b1b38e1e9ae,25977099-4951-4980-ad00-afa6de02844d,3,12/19/2023,181492
c0dec902-a507-4ab9-9751-546a6b9f044b,93687305-1174-44ae-9511-d90b12dd673e,1,3/16/2024,180082
45059b10-a463-44fd-b02b-fcd8a68ca04f,93687305-1174-44ae-9511-d90b12dd673e,2,3/27/2024,85123
41a20f10-9945-4c5a-9f25-fa6968766bbe,93687305-1174-44ae-9511-d90b12dd673e,3,4/15/2024,138618
a11e4d14-dac7-4566-bdda-428581658ffd,93687305-1174-44ae-9511-d90b12dd673e,4,4/27/2024,138362
3f538de0-0d07-4eb9-a02f-17b8743e316c,93687305-1174-44ae-9511-d90b12dd673e,5,5/11/2024,188629
a5028154-a8c7-4ffe-9948-710f58937f02,93687305-1174-44ae-9511-d90b12dd673e,6,5/20/2024,75364
6da0f19d-6e3e-43e1-814d-c2f718c3a2a5,8632372f-84a2-4092-a4d5-3590a7584279,1,1/26/2024,199007
8edc37af-d745-4de0-a433-91a944526ca6,8632372f-84a2-4092-a4d5-3590a7584279,2,2/3/2024,90005
6c3d22ae-ad06-4c34-8f5d-498e08d5e9fd,8632372f-84a2-4092-a4d5-3590a7584279,3,2/25/2024,120859
56bc4b1a-25b1-4ef3-a3c2-6e844a1f9f42,8632372f-84a2-4092-a4d5-3590a7584279,4,2/25/2024,190676
cfc79495-1c3e-481f-9118-b668e8ce7724,ae7f313b-d404-49a5-ab62-0fbdd8c83393,1,5/6/2024,101574
6329b4d5-e42f-49fc-83ca-d334450dfca8,ae7f313b-d404-49a5-ab62-0fbdd8c83393,2,5/17/2024,87000
8b8b3aed-621c-48dc-9b3e-dea55c28f95c,ae7f313b-d404-49a5-ab62-0fbdd8c83393,3,5/20/2024,190305
db960008-edc4-46a2-8523-54377505bf84,388113ce-1b9e-4902-b954-8b3b7bcd0ea4,1,3/13/2024,193982
bb4ae939-0195-4f36-84f6-00844ebb00ca,388113ce-1b9e-4902-b954-8b3b7bcd0ea4,2,3/23/2024,85277
4faa44d7-90cb-42c2-9e30-1e32c71536e3,388113ce-1b9e-4902-b954-8b3b7bcd0ea4,3,3/25/2024,108026
b457867c-9bb9-4b52-885b-f908251625d0,388113ce-1b9e-4902-b954-8b3b7bcd0ea4,4,3/28/2024,159022
f0039997-76c6-4411-b1ad-1ae15c6e355c,89ae92cf-27c2-4d79-8eca-1a12e63bb961,1,3/5/2024,106257
3434dd25-a888-4e15-a617-3fd7da25ff33,89ae92cf-27c2-4d79-8eca-1a12e63bb961,2,3/19/2024,68177
93097bcb-3db6-43c5-aa43-855fbecdedcd,89ae92cf-27c2-4d79-8eca-1a12e63bb961,3,3/17/2024,134427
3a0c7db5-2eac-438a-b6c1-8c709189a3ec,89ae92cf-27c2-4d79-8eca-1a12e63bb961,4,3/23/2024,194328
96116fa8-6bcf-4391-b971-a5c5a28eb2fe,89ae92cf-27c2-4d79-8eca-1a12e63bb961,5,4/26/2024,126659
3cf98dd9-ee1a-4998-8adb-4d60bd3fe46b,66dc454c-0074-466b-81ef-8bc6cd9ab2cf,1,12/18/2023,99589
fa7d5ac9-ebc8-4916-9bac-09c650bb7e98,66dc454c-0074-466b-81ef-8bc6cd9ab2cf,2,12/27/2023,151875
9ebe571c-07a8-4f2a-9fd2-68424e5f31c8,66dc454c-0074-466b-81ef-8bc6cd9ab2cf,3,1/1/2024,176937
e84d5469-cb28-4168-9574-0a23b087d147,8bc13cd2-632f-4154-bf15-5edd867b002b,1,6/8/2024,138472
829c1377-45e4-4591-ab05-2f7cfbc72050,8bc13cd2-632f-4154-bf15-5edd867b002b,2,6/16/2024,199252
a7945ab2-bd03-4378-9671-7d0abdb8da7d,8bc13cd2-632f-4154-bf15-5edd867b002b,3,6/28/2024,118305
aba8a92a-059f-4c7b-a296-1872766d33c6,8bc13cd2-632f-4154-bf15-5edd867b002b,4,7/5/2024,183497
eee36547-d8b5-451a-bd20-2a594df04408,cca8f4f7-01a6-4ee2-bcfb-7ebb476e7ad1,1,1/26/2024,94805
3ac34d58-12c4-4a30-baa3-154f88187e22,cca8f4f7-01a6-4ee2-bcfb-7ebb476e7ad1,2,2/8/2024,175993
ff9d01cf-9a25-4033-b0a5-823d9ca01d59,cca8f4f7-01a6-4ee2-bcfb-7ebb476e7ad1,3,2/13/2024,111902
0d4517cb-fbc1-4a3c-86cd-ab2df14e25ad,7cd91fd0-acbd-4a5b-a855-276eb3842110,1,11/13/2023,132036
ff00fe5d-c494-4b2b-b831-949c2f0abd70,7cd91fd0-acbd-4a5b-a855-276eb3842110,2,11/26/2023,82265
c8a6d505-e28c-4498-adfc-0b9542ad8f20,7cd91fd0-acbd-4a5b-a855-276eb3842110,3,11/23/2023,149199
4be99dd9-7b1a-4559-88de-6c9388ad4b98,7cd91fd0-acbd-4a5b-a855-276eb3842110,4,12/28/2023,90538
7fb62bc4-e818-423c-b630-9a1121542f7a,7cd91fd0-acbd-4a5b-a855-276eb3842110,5,1/4/2024,120859
be0f017c-42d9-4573-8906-1bfbdf9e9198,7cd91fd0-acbd-4a5b-a855-276eb3842110,6,12/28/2023,74581
1688257a-5ad8-4830-8190-0a9ec4583992,db332c5c-e5d6-47ab-845e-b3650709ae1e,1,10/5/2023,196836
713545c9-5279-4592-a011-9821a7583b16,db332c5c-e5d6-47ab-845e-b3650709ae1e,2,10/14/2023,150527
5ee06e99-a1c5-4d31-9183-2c9312fb6df5,e3d1285a-94b4-4ecb-a00e-ac067fe07b8e,1,3/9/2024,163456
8a963600-0438-48fb-9f7f-06a461d595f1,e3d1285a-94b4-4ecb-a00e-ac067fe07b8e,2,3/22/2024,88362
33155314-99f1-431d-8e6f-3dcbbbd0fdb2,4d32a83c-b961-4272-9de6-e36f2dcd0830,1,7/4/2023,75928
6ec06294-dd94-498c-bcac-7bdfd9911e39,4d32a83c-b961-4272-9de6-e36f2dcd0830,2,7/13/2023,58333
ebc0fc3d-91f7-457a-9fa7-a8e35d5c6968,4d32a83c-b961-4272-9de6-e36f2dcd0830,3,8/1/2023,117286
8c75cb7e-a43e-4f60-93fe-361d18f6b593,20afc816-aec8-43e3-9677-0d0eaccbcf31,1,10/7/2023,135365
0efd750c-3d3c-4160-9713-7b7585dbe41a,20afc816-aec8-43e3-9677-0d0eaccbcf31,2,10/15/2023,147329
1f72c081-c700-4485-927c-141384b599bc,20afc816-aec8-43e3-9677-0d0eaccbcf31,3,11/6/2023,84914
dc0ac8ec-78a1-41b0-9687-6e99284c96ba,b0442ac5-edd9-48c3-a264-0a765d2e517c,1,4/19/2024,74600
9dd15b13-0184-459a-a0ea-c3fbdeba6beb,b0442ac5-edd9-48c3-a264-0a765d2e517c,2,5/1/2024,184414
fd691cc0-1178-432e-b69f-97e1ebd6dc9e,b0442ac5-edd9-48c3-a264-0a765d2e517c,3,5/7/2024,117013
5c87e469-a183-47b0-b6cb-64e022cda9b3,b0442ac5-edd9-48c3-a264-0a765d2e517c,4,5/4/2024,179896
8ba260b8-b6c1-4786-9c24-12afbeedfdf6,cf353bb9-bdb6-421c-b86d-8dac3a70c47a,1,4/7/2024,150933
09a23438-8ddf-4789-ba27-c25b1335ff30,cf353bb9-bdb6-421c-b86d-8dac3a70c47a,2,4/18/2024,171268
33aa9d8f-d4a0-48bb-96f8-2814133e62e4,ce0e9268-76b1-468a-b22e-b68fc71210e7,1,11/16/2023,52065
48ec79aa-237f-4551-ba11-406ae708b060,ce0e9268-76b1-468a-b22e-b68fc71210e7,2,11/21/2023,80978
4f7c2aba-a5af-434c-a653-ca4bb9509012,ce0e9268-76b1-468a-b22e-b68fc71210e7,3,12/6/2023,61270
8af7823c-2a11-4ab5-8f21-9668bfda37cd,ce0e9268-76b1-468a-b22e-b68fc71210e7,4,12/7/2023,92432
2fa5b6ec-18f3-4c5a-b476-31efaf0b204b,71b62ac8-7b75-446a-8b3c-ab825ca44dd0,1,7/10/2023,198999
85d583c1-eeaf-4f29-96b0-b971388a94e1,71b62ac8-7b75-446a-8b3c-ab825ca44dd0,2,7/22/2023,198367
c875a64e-16b9-428f-8818-e56dcce2023e,71b62ac8-7b75-446a-8b3c-ab825ca44dd0,3,8/5/2023,134148
8a248031-75e1-4bed-9042-a1af859694bf,71b62ac8-7b75-446a-8b3c-ab825ca44dd0,4,8/12/2023,189027
58a3ee35-4fa6-453d-8c78-2a6d2b31eb1c,fc8dfb93-215f-4c18-91b6-f49f09425cd8,1,7/16/2023,81256
9b86cba3-eba6-480b-a577-66a848fa5061,fc8dfb93-215f-4c18-91b6-f49f09425cd8,2,7/22/2023,125887
1bd763a8-0b67-4956-8e55-39d8705b3057,fc8dfb93-215f-4c18-91b6-f49f09425cd8,3,7/28/2023,74520
caa2f4a3-76ab-4aeb-871a-2cf588f09057,fc8dfb93-215f-4c18-91b6-f49f09425cd8,4,8/6/2023,67681
b4cbeec8-ae3a-4268-a6eb-d50411e1f0c9,fc8dfb93-215f-4c18-91b6-f49f09425cd8,5,9/6/2023,171376
21a3c16a-c85e-4b96-9d49-1dd74dd903e0,fc8dfb93-215f-4c18-91b6-f49f09425cd8,6,8/10/2023,174112
67468ded-7870-4de1-aba2-af37f71b1cd6,4cce1c91-365a-47f5-8723-2c5667cf8805,1,2/18/2024,197853
203ad05e-e8c9-4f55-b616-1d4219f545fa,4cce1c91-365a-47f5-8723-2c5667cf8805,2,3/2/2024,119769
f4547e6f-315d-4885-82a2-2c2aca6dd7d2,4cce1c91-365a-47f5-8723-2c5667cf8805,3,3/3/2024,78651
315bdece-228f-4bcd-a0a2-999633c45458,4cce1c91-365a-47f5-8723-2c5667cf8805,4,3/22/2024,199281
ea96ca65-dcd1-451f-b6fb-6279bd723350,63bd6805-03e8-428b-8542-657b1e4e4ba5,1,4/25/2024,134240
24d16734-17ba-468d-b465-20aea230d4a2,63bd6805-03e8-428b-8542-657b1e4e4ba5,2,5/4/2024,82719
da53caec-52d9-43a3-b8d4-13eb9a0e6e43,63bd6805-03e8-428b-8542-657b1e4e4ba5,3,5/15/2024,86719
1e08139a-847c-4a05-ba24-8c1870b5e613,51c462f3-2a85-4261-b6d4-1ff853e90cc6,1,5/15/2024,185039
4eba8323-ba6e-4ef5-a2b4-99d1fd0e30a9,51c462f3-2a85-4261-b6d4-1ff853e90cc6,2,5/23/2024,195399
ab382672-0cce-44fe-b575-23e3597702c8,77778f13-31f7-48e0-bd80-f176f85b3e42,1,12/1/2023,158475
c55405de-ed68-4252-b1e8-befb53ba8528,77778f13-31f7-48e0-bd80-f176f85b3e42,2,12/7/2023,190549
60eaed24-c6ea-4ab3-b040-9cded5b0b41f,77778f13-31f7-48e0-bd80-f176f85b3e42,3,12/21/2023,183359
3ae21d8a-ee0a-42e7-b23d-5534767d0ad1,019ab830-d845-4c83-8e14-ea5aeb2749cd,1,11/26/2023,79111
18785b52-6b0a-4328-a349-9f3bb1b78705,019ab830-d845-4c83-8e14-ea5aeb2749cd,2,12/10/2023,147499
2182e9a3-4123-4e1b-a26a-a6242f4a7840,019ab830-d845-4c83-8e14-ea5aeb2749cd,3,12/10/2023,125242
82642df6-091e-4eaf-9093-2fa0bfb92405,019ab830-d845-4c83-8e14-ea5aeb2749cd,4,12/20/2023,116269
191d27a9-b823-4227-8f64-edc2598841d4,019ab830-d845-4c83-8e14-ea5aeb2749cd,5,12/24/2023,181232
5ab0927b-035a-477e-ba18-b9b4cf252ed9,019ab830-d845-4c83-8e14-ea5aeb2749cd,6,12/31/2023,100335
515da11d-c9b5-448b-8515-1a7f938c7df5,22fbb8ce-7fa2-4e8e-a1dd-81369407a0e0,1,3/17/2024,135986
2276c0c9-f464-4e89-9c5a-01c65dfe3764,22fbb8ce-7fa2-4e8e-a1dd-81369407a0e0,2,3/24/2024,99266
150e1803-d54c-496c-bdf5-f71ded8e6bbd,22fbb8ce-7fa2-4e8e-a1dd-81369407a0e0,3,4/6/2024,66599
f0a0af76-f549-49a3-a7a7-8ac92c682ae9,22fbb8ce-7fa2-4e8e-a1dd-81369407a0e0,4,4/19/2024,155164
c6edd122-841e-4825-b611-d32fe092946b,22fbb8ce-7fa2-4e8e-a1dd-81369407a0e0,5,5/16/2024,122800
96976f81-0f58-4bbf-ace6-096cee10e9f6,9b727436-7c9a-4176-97d6-1002661ca90a,1,1/28/2024,195681
4a8fc8d5-057e-4e89-b1c2-3a6134d00427,9b727436-7c9a-4176-97d6-1002661ca90a,2,2/4/2024,167567
c90792af-6fd7-4035-9d18-a2a07980ea20,9b727436-7c9a-4176-97d6-1002661ca90a,3,2/9/2024,138660
3dff642e-74b9-458c-81b5-15001a747f8d,a597346d-dbe1-444c-97a1-ffdbdfd1383d,1,2/18/2024,166483
48b3386a-3110-41a1-b402-1b1f3b4d5dbc,a597346d-dbe1-444c-97a1-ffdbdfd1383d,2,3/1/2024,54204
7cd1f474-42a5-45e4-983f-f2a375d71b2c,a597346d-dbe1-444c-97a1-ffdbdfd1383d,3,3/5/2024,80807
138e0660-46b0-4856-90af-1affbc3189ed,a597346d-dbe1-444c-97a1-ffdbdfd1383d,4,3/13/2024,197604
3527bfbf-09c0-4d5a-b191-e062c9e8e067,a597346d-dbe1-444c-97a1-ffdbdfd1383d,5,4/6/2024,159975
d45a13c4-c63d-4133-8d84-0f2c2b457624,fb3ecd4f-ce7a-4f06-95cd-174eb4161992,1,6/28/2023,154967
8f5b53cb-0fe4-4a0d-80c7-74ef3d7cd001,fb3ecd4f-ce7a-4f06-95cd-174eb4161992,2,7/6/2023,146488
d8a60921-333c-4466-b4e7-73dcc291d60e,fb3ecd4f-ce7a-4f06-95cd-174eb4161992,3,7/14/2023,122448
b495b7f2-b8c2-40d4-a82b-23e6de8efed6,fb3ecd4f-ce7a-4f06-95cd-174eb4161992,4,7/13/2023,129154
174dcb4a-7159-47fe-aafd-27ba3341fa53,7e9b903c-b0d5-458e-8b86-733c33f1516d,1,7/21/2023,177714
2ca96476-1928-4d9d-93ab-8bc34d3e5233,7e9b903c-b0d5-458e-8b86-733c33f1516d,2,7/31/2023,151872
0b6477a5-af03-4bb0-a746-dd92c65fa5fa,7e9b903c-b0d5-458e-8b86-733c33f1516d,3,8/8/2023,175643
04d90d06-529e-4219-9c7a-10c1acfbd69a,2eb7e410-4b5d-46f1-a13c-5065a4a5ea26,1,4/12/2024,63026
7f62ff4d-0f70-4be6-91f2-2f86a3e51022,2eb7e410-4b5d-46f1-a13c-5065a4a5ea26,2,4/22/2024,60878
d2cd2972-a144-4e45-be88-b41028c33301,f8c5971f-ff07-4c8b-86db-27fbf78a8b51,1,3/4/2024,60999
5f9facd7-2b5a-448a-88a4-fbbcf5511f5c,f8c5971f-ff07-4c8b-86db-27fbf78a8b51,2,3/19/2024,147389
af25d5cc-8efb-42bc-a2cf-4dde2f7eb7f0,f8c5971f-ff07-4c8b-86db-27fbf78a8b51,3,3/30/2024,148916
d2ec806c-77e4-486c-9ca5-c8fa0f2600f0,f8c5971f-ff07-4c8b-86db-27fbf78a8b51,4,4/3/2024,121971
9c9cf069-e453-4a4f-81d7-a84a636adece,f8c5971f-ff07-4c8b-86db-27fbf78a8b51,5,3/24/2024,72105
34b9470e-e386-469a-beaf-d361032c8545,f8c5971f-ff07-4c8b-86db-27fbf78a8b51,6,4/3/2024,149077
ac78030a-4e4f-4c02-afea-28b25ebdfa9b,2ceb795e-b65a-46f4-9ad3-b1d0275c46f2,1,3/8/2024,184234
a05a4ab5-ec15-444a-ace8-621506f11f76,2ceb795e-b65a-46f4-9ad3-b1d0275c46f2,2,3/22/2024,135841
385ff39d-4bb9-4ada-a100-409e997ff9b0,2ceb795e-b65a-46f4-9ad3-b1d0275c46f2,3,3/26/2024,118926
7b94556c-79ef-4a94-bd9b-982443d496d0,2ceb795e-b65a-46f4-9ad3-b1d0275c46f2,4,3/23/2024,70884
461b57ba-a944-4ada-baf4-151215d39b84,a7aff6a5-b44c-449d-a90f-de5734f095d7,1,12/27/2023,80832
53d29e4b-1e1a-4cc9-86c4-95d46c9c253d,a7aff6a5-b44c-449d-a90f-de5734f095d7,2,1/7/2024,91684
0f1833dd-05bc-4dff-833e-d8b93e8dd71b,5a3a7b3d-62ff-4feb-9074-5d035af81b45,1,11/13/2023,129891
c5e399e3-41c2-404f-96f9-508333805e08,5a3a7b3d-62ff-4feb-9074-5d035af81b45,2,11/24/2023,52855
baa08230-3537-498c-87ea-ff1d3c6e0f25,5a3a7b3d-62ff-4feb-9074-5d035af81b45,3,12/11/2023,99268
78d50540-4066-4621-89e3-c1625e96c0b2,5a3a7b3d-62ff-4feb-9074-5d035af81b45,4,12/22/2023,112509
8be981fa-cd8d-4197-80d6-71990107369d,df06170f-ea63-48ce-bb75-ccff63d7d2ce,1,9/21/2023,122838
1006a1b4-b545-4c4a-8e08-b3424a0115fa,df06170f-ea63-48ce-bb75-ccff63d7d2ce,2,10/5/2023,189325
1906df6b-8b31-496a-830f-ed85305e35b6,0f9caf44-2ef2-44a6-850b-cf76ffe83ace,1,1/21/2024,109832
08ddf100-dd66-4243-96e3-1e7f27fc01aa,0f9caf44-2ef2-44a6-850b-cf76ffe83ace,2,1/26/2024,55271
ca48f8e7-f64a-44fa-b677-560450bdb8cd,0f9caf44-2ef2-44a6-850b-cf76ffe83ace,3,2/12/2024,195771
078e9ac6-e0b4-41a8-8535-601863b599f1,929ddd97-2f93-4a35-847b-d459de71e30d,1,12/28/2023,144172
a81ef805-8faa-462e-bc98-8219f82c9f0d,929ddd97-2f93-4a35-847b-d459de71e30d,2,1/10/2024,144825
75b5fc2b-7466-4e4e-a05f-d07654a22a3c,b41444b6-252e-4fc6-9092-2ad00182c481,1,9/8/2023,96946
8008f843-0765-4a17-acbc-c75ed336cb9a,b41444b6-252e-4fc6-9092-2ad00182c481,2,9/19/2023,168235
7d9dc488-cb60-483f-93b5-9c89db744624,b41444b6-252e-4fc6-9092-2ad00182c481,3,9/20/2023,179707
a8b41cc7-9f88-4b8b-af68-7a23322ac613,7377af69-ff6c-4809-9d1d-554794e9637e,1,9/19/2023,161979
c2e25e29-7794-402b-9dab-a3c3576d6c80,7377af69-ff6c-4809-9d1d-554794e9637e,2,9/29/2023,77651
7c487e30-1d6f-4f0b-b5a0-605aba3b04c0,7377af69-ff6c-4809-9d1d-554794e9637e,3,10/19/2023,138557
a225d69f-def5-41f6-bdc1-184c36920649,7377af69-ff6c-4809-9d1d-554794e9637e,4,10/7/2023,51937
ba890d44-ef36-42b6-80ef-3b0ae2822e8a,02f8c499-4497-4d76-a6d9-2727a4b45a31,1,10/9/2023,83720
b4b54d84-6456-476e-b0d6-6d142855bdbe,02f8c499-4497-4d76-a6d9-2727a4b45a31,2,10/18/2023,167922
fe8756be-2558-4934-8836-fbb4a55361f1,02f8c499-4497-4d76-a6d9-2727a4b45a31,3,11/8/2023,99937
d835a825-76a5-4a7f-8dc6-75540f4bed58,02f8c499-4497-4d76-a6d9-2727a4b45a31,4,11/11/2023,92182
d0e48632-72e9-4210-8e38-8fed655980e2,1a623a40-e965-493f-bd70-419276029dcf,1,9/9/2023,97606
0e99f575-cc9f-4c89-9c54-ce5526579878,1a623a40-e965-493f-bd70-419276029dcf,2,9/18/2023,55775
492e7269-228a-4c31-8294-06eadef29e5e,1a623a40-e965-493f-bd70-419276029dcf,3,10/5/2023,173742
6204d753-1aa4-4739-a640-d531ffd0ee10,1a623a40-e965-493f-bd70-419276029dcf,4,9/30/2023,118929
43612acc-2f2d-46d5-88c1-f7ef7801b908,2670cce3-7639-4092-97e4-861d19c401c5,1,9/13/2023,62364
9a3860fb-dcfb-4eb7-9bd3-4c7de838d39d,2670cce3-7639-4092-97e4-861d19c401c5,2,9/28/2023,169279
efe0c659-fe83-4735-87d7-e8b9c4cc65f2,2670cce3-7639-4092-97e4-861d19c401c5,3,10/5/2023,74013
c6fbf07f-879e-44d2-8477-0eedda3c47e0,dc95adda-b308-4ad6-90b7-4e9f2aec0fb8,1,8/15/2023,70959
1e2cb790-232f-4c7f-b3a2-7584656b2892,dc95adda-b308-4ad6-90b7-4e9f2aec0fb8,2,8/29/2023,64061
fa67ee18-9806-43d9-a1eb-0a4db6af53dc,dc95adda-b308-4ad6-90b7-4e9f2aec0fb8,3,9/2/2023,170949
339c2a97-ee40-4929-ba7e-09f50d0d5abf,49dc35f5-8692-4eaf-a524-93803ad54911,1,2/28/2024,83170
a3e4fc42-f16e-49ba-bd7f-a2d18b3e7cc2,49dc35f5-8692-4eaf-a524-93803ad54911,2,3/4/2024,98313
866303d9-55a3-4989-8bcc-a328b47079b1,49dc35f5-8692-4eaf-a524-93803ad54911,3,3/17/2024,91533
2f75f319-19d3-4d16-b04a-6c3cd9ae2285,49dc35f5-8692-4eaf-a524-93803ad54911,4,3/26/2024,197199
ce42bdc4-a272-4514-ac5e-2a7c0f13dc97,49dc35f5-8692-4eaf-a524-93803ad54911,5,3/31/2024,197797
95c5b360-12fb-43ce-a982-a9a00ee8d2be,569d0358-5a8b-44f7-b651-d9624b7bee27,1,3/27/2024,138304
fcb353ab-909f-4630-9a63-cb6aff5ea2b8,569d0358-5a8b-44f7-b651-d9624b7bee27,2,4/10/2024,113581
85b98204-5a8c-4e59-9755-5e80bf40cb0e,569d0358-5a8b-44f7-b651-d9624b7bee27,3,4/26/2024,75231
fcbfe610-bc0a-4683-899b-d2ce253a1ae3,569d0358-5a8b-44f7-b651-d9624b7bee27,4,4/26/2024,108696
0f6b0cf1-8880-490a-969b-4e72ea62d0a4,569d0358-5a8b-44f7-b651-d9624b7bee27,5,5/14/2024,164885
93e033ef-0079-4794-9013-bad4a1060f3d,9cf06916-0a2a-42c7-a127-d342ecbb449a,1,8/24/2023,147243
1b1de714-0955-4ce6-8f32-fd00965ffcd3,9cf06916-0a2a-42c7-a127-d342ecbb449a,2,9/8/2023,112881
923a493e-ed49-4627-ac32-1d47c529b0e9,9cf06916-0a2a-42c7-a127-d342ecbb449a,3,9/9/2023,89162
d27c6130-2f9d-4b8f-ae99-5b4dc41b09a8,9cf06916-0a2a-42c7-a127-d342ecbb449a,4,10/2/2023,172001
79c63b9e-304c-43a3-91d0-37475b7f247a,9cf06916-0a2a-42c7-a127-d342ecbb449a,5,10/11/2023,152937
2ff94ab1-106a-47bd-8db4-de8bcb22472b,9be88004-9dc6-41ae-9807-90fcf8255719,1,5/31/2024,130823
d53b1548-39aa-41b6-b84f-1c4f452626d1,9be88004-9dc6-41ae-9807-90fcf8255719,2,6/6/2024,134354
d21e39d7-92b7-42f0-a13c-8e979f8a17c5,9be88004-9dc6-41ae-9807-90fcf8255719,3,6/18/2024,101637
4bcf4d17-5050-48ec-a520-d29465b1c486,4036fab9-8079-4ea1-99de-54888141c9c5,1,4/11/2024,145597
f820dcff-d48f-4086-b3d3-fbf691d28921,4036fab9-8079-4ea1-99de-54888141c9c5,2,4/26/2024,109489
25f1f5d9-844c-4c72-9ae0-e469fa0e2120,4036fab9-8079-4ea1-99de-54888141c9c5,3,5/9/2024,133204
546d0ab0-c15e-4844-9335-4f5c8ac06b9e,4036fab9-8079-4ea1-99de-54888141c9c5,4,5/11/2024,163227
35bd1264-a053-4d1f-8047-c77d0b4e34ba,4036fab9-8079-4ea1-99de-54888141c9c5,5,5/5/2024,94794
449b0765-bcdb-4008-89ae-6aaa76f1b310,4036fab9-8079-4ea1-99de-54888141c9c5,6,5/21/2024,165335
41f4a3e9-7af8-4958-9c8e-1f69802f4666,68fe8e53-a481-472f-a454-215bbd195c63,1,11/30/2023,144760
ce27a090-487f-462c-a948-116b0814ac46,68fe8e53-a481-472f-a454-215bbd195c63,2,12/8/2023,88570
ecda917c-6014-419b-8e2b-ff36c7e5c982,68fe8e53-a481-472f-a454-215bbd195c63,3,12/14/2023,175639
8a0be74b-e97a-45b0-a7c5-c535d30d8ba3,68fe8e53-a481-472f-a454-215bbd195c63,4,12/15/2023,75176
afb49f0d-0913-405c-ada0-c954c5246f4a,889b00a1-aef6-4f9f-8931-db92fa7ae658,1,10/1/2023,136995
58c54e2b-ef71-41d0-adaf-83ca6b657b57,889b00a1-aef6-4f9f-8931-db92fa7ae658,2,10/13/2023,197761
65c36569-3521-403e-bc4a-a6b272103e62,63ab6f6e-7f17-4e7e-a131-da4c3e6d4a83,1,11/28/2023,170271
8c5ec7de-fd61-496a-b44b-7b837bce8b1d,63ab6f6e-7f17-4e7e-a131-da4c3e6d4a83,2,12/10/2023,195875
363604a0-1ecf-4b07-9970-d7760c498b7e,63ab6f6e-7f17-4e7e-a131-da4c3e6d4a83,3,12/20/2023,155829
d3c18ec0-6e23-48f8-b368-431f57b3e606,63ab6f6e-7f17-4e7e-a131-da4c3e6d4a83,4,1/12/2024,156278
8e1248e2-430f-4547-8a40-9d6de46013c6,63ab6f6e-7f17-4e7e-a131-da4c3e6d4a83,5,1/23/2024,195845
220b9528-bf99-439c-8006-70f677694d60,63ab6f6e-7f17-4e7e-a131-da4c3e6d4a83,6,1/7/2024,157089
d17636eb-042d-493a-9098-f7729cc15e86,71934daf-803b-46db-bee0-bad3ea4bd641,1,9/1/2023,127483
9367f5cd-409c-44ae-b133-217ce74bdbf7,71934daf-803b-46db-bee0-bad3ea4bd641,2,9/12/2023,190318
39699915-651a-43bf-bcd1-ceec44d3ad55,71934daf-803b-46db-bee0-bad3ea4bd641,3,9/17/2023,122779
3e2e0e57-c024-4dfa-ba54-e7486a827787,71934daf-803b-46db-bee0-bad3ea4bd641,4,9/22/2023,117359
ae19d544-3da1-45ca-8d02-b20b7ea65f50,71934daf-803b-46db-bee0-bad3ea4bd641,5,10/31/2023,101910
e46b0555-e3b5-4d66-a3ed-b150e444adeb,424407f4-399d-4a3a-adba-d470f9b27678,1,11/30/2023,141070
6a715f09-0aea-4052-ae39-816bcfbba7c5,424407f4-399d-4a3a-adba-d470f9b27678,2,12/11/2023,74861
489765fe-8903-4f16-9f13-2d23440e7d87,558e0940-03bd-4a85-bafe-567cb18a5d6c,1,11/15/2023,126676
18261d24-f80e-47bc-88a1-a7526af5e134,558e0940-03bd-4a85-bafe-567cb18a5d6c,2,11/28/2023,66509
e67a183c-c3b9-445e-a6bd-1a276c772839,558e0940-03bd-4a85-bafe-567cb18a5d6c,3,12/9/2023,90550
10bc9111-09ed-44ba-964d-cafbc394ba1c,0722b168-6a0b-4534-8eda-c36542d06094,1,2/14/2024,160011
af999519-a659-468e-9b27-5106f4cab714,0722b168-6a0b-4534-8eda-c36542d06094,2,2/22/2024,99503
c3936625-2968-481e-9c8d-4c3739b15397,a41e19b9-616e-4fb3-999e-7fff5e3b2cd4,1,1/2/2024,155544
84434b59-9fe1-427a-92ea-467e5700e66b,a41e19b9-616e-4fb3-999e-7fff5e3b2cd4,2,1/9/2024,148972
65438374-23da-4e77-98dd-5735f2898fe8,294f35bd-54b4-41e6-831d-5af001c9edd7,1,1/13/2024,196338
4e0036e5-36ec-439b-b4e3-11052946caca,294f35bd-54b4-41e6-831d-5af001c9edd7,2,1/26/2024,168863
16d11069-fb7c-48be-8cf1-c7163ae2ee7c,294f35bd-54b4-41e6-831d-5af001c9edd7,3,2/8/2024,88074
24810de8-132f-4e12-9105-ebcf997b3759,294f35bd-54b4-41e6-831d-5af001c9edd7,4,2/24/2024,152718
0463bef4-2739-40bb-ad3b-438738ef6cad,294f35bd-54b4-41e6-831d-5af001c9edd7,5,2/22/2024,166378
a46f906a-0836-46a2-867d-ed4a74fa672b,45422d89-bf19-47de-8809-c551cadb1c06,1,3/28/2024,183780
e7648e4d-2ba3-4ef7-81e6-012f92381c49,45422d89-bf19-47de-8809-c551cadb1c06,2,4/10/2024,169221
0c3352a8-6850-4e83-8131-86d1beb08549,45422d89-bf19-47de-8809-c551cadb1c06,3,4/19/2024,157927
522e013e-e72d-409f-ac69-880be169b5dd,45422d89-bf19-47de-8809-c551cadb1c06,4,5/6/2024,64779
4fd1f420-a1e7-4505-bf07-888f23e7f86a,45422d89-bf19-47de-8809-c551cadb1c06,5,5/15/2024,86442
d2eb37a5-64e6-4a96-a409-bfdd09905041,85da5673-f601-4dda-9a0f-a2410da8da98,1,11/12/2023,181715
199433b3-44e0-48ed-b087-2e940fcde169,85da5673-f601-4dda-9a0f-a2410da8da98,2,11/24/2023,108647
68673151-48bf-4f0c-9a1d-774cb9684a37,85da5673-f601-4dda-9a0f-a2410da8da98,3,11/30/2023,166168
e1ee6ffc-e9df-4f1f-b7c1-278fbffa0a17,5b31a3ce-a5bd-4437-a5e1-c38a014c8311,1,3/15/2024,98489
bae87774-7686-40ec-9ad6-dcf1530f046f,5b31a3ce-a5bd-4437-a5e1-c38a014c8311,2,3/24/2024,140381
fd5ad046-0031-4fd9-b0b7-663d573732cc,5b31a3ce-a5bd-4437-a5e1-c38a014c8311,3,4/10/2024,159622
d48dd629-2c85-4050-966d-9111c38830c0,a1e84160-7fc1-4dca-88c8-cf778e93834e,1,8/13/2023,105221
9ee928c6-f52f-4145-9d02-e138eeaf058d,a1e84160-7fc1-4dca-88c8-cf778e93834e,2,8/21/2023,107767
1f4addfa-5d3e-4864-a3cd-08d948a29064,a1e84160-7fc1-4dca-88c8-cf778e93834e,3,8/31/2023,136023
70f58588-c155-434c-8e0b-cae6cdb46614,a1e84160-7fc1-4dca-88c8-cf778e93834e,4,9/18/2023,145000
b0e20691-3823-4632-9477-86b071a09786,a1e84160-7fc1-4dca-88c8-cf778e93834e,5,9/6/2023,81372
a5ff126d-028c-45d6-bce9-09d83c037dcd,605e286a-e051-4ef0-b9ba-0d4a7eadf02f,1,10/17/2023,191666
9bd3d364-30fd-4e49-8ee9-675def9474bf,605e286a-e051-4ef0-b9ba-0d4a7eadf02f,2,10/26/2023,145205
a809a204-fd96-4768-93f0-f3094959bbef,605e286a-e051-4ef0-b9ba-0d4a7eadf02f,3,11/6/2023,121943
96309ca3-6d5e-433f-b780-f8647518362d,605e286a-e051-4ef0-b9ba-0d4a7eadf02f,4,11/16/2023,157856
95d33e8c-195e-4f25-bf98-54ea7597caa4,e83d2224-47f4-46e0-8c24-cde42403be7f,1,1/9/2024,135101
72b4c54b-35f8-42fe-a74b-cb303676a611,e83d2224-47f4-46e0-8c24-cde42403be7f,2,1/16/2024,143351
c6e85349-3134-4475-9d41-5ccf7624fafb,e83d2224-47f4-46e0-8c24-cde42403be7f,3,1/23/2024,181494
6aeebc3f-a3e0-47da-9253-a41dab81d88e,e83d2224-47f4-46e0-8c24-cde42403be7f,4,2/2/2024,116646
0182eb5f-31f5-4a89-ad7d-353a26d46652,e83d2224-47f4-46e0-8c24-cde42403be7f,5,2/22/2024,54188
eb81e51d-3395-4e8f-8254-a434510de0f9,e83d2224-47f4-46e0-8c24-cde42403be7f,6,2/13/2024,143502
250a113a-0725-4e03-a93c-00bed60fc560,28b70dd0-9a29-4f33-95e8-9b5ee1fad39f,1,4/8/2024,66762
ab2b9bac-73ac-4a7c-8c91-02fbbb456c3b,28b70dd0-9a29-4f33-95e8-9b5ee1fad39f,2,4/19/2024,82010
4428d1f5-c46d-4b06-bc43-04eb0205e48c,28b70dd0-9a29-4f33-95e8-9b5ee1fad39f,3,4/30/2024,145917
99b84e0d-f40f-4258-ac44-0ccf71086ada,b4a08fe0-e151-4ff5-8d99-6c3c403d18c3,1,12/26/2023,159936
39101fbd-1204-4df4-ac83-ea4d9c5793c8,b4a08fe0-e151-4ff5-8d99-6c3c403d18c3,2,1/7/2024,111328
410c5603-9f45-4ea5-bac5-0ca43e042fdd,b4a08fe0-e151-4ff5-8d99-6c3c403d18c3,3,1/17/2024,142100
cb34b6e9-8c07-432b-a84a-0d077fa9d9ef,b4a08fe0-e151-4ff5-8d99-6c3c403d18c3,4,1/10/2024,52702
0cccf0ac-3385-480e-b208-a3646aece8ef,15ae2b27-7866-4b89-b053-0db583d4dbb8,1,1/9/2024,183390
0586e52f-f58f-43c4-8354-bcde9027af66,15ae2b27-7866-4b89-b053-0db583d4dbb8,2,1/20/2024,116697
542c4c02-8993-4aa1-945d-bdc571a6abae,15ae2b27-7866-4b89-b053-0db583d4dbb8,3,2/6/2024,146041
09c3b28e-b8da-4918-bf9f-b15b7fd34b1e,10fe50d8-45f5-4561-a055-07e18b0fb293,1,12/30/2023,161808
74ebe788-c0e6-4667-b4b1-3a8b2a6bd03b,10fe50d8-45f5-4561-a055-07e18b0fb293,2,1/10/2024,146421
a811e023-12d0-4869-9176-fcce0e087f56,e0cc1341-fa51-41b7-91ec-0108cc1237df,1,8/12/2023,50742
b3857242-5243-45ea-9a35-755ea6fb36ed,e0cc1341-fa51-41b7-91ec-0108cc1237df,2,8/22/2023,117100
a1fa0d7e-dfdd-4234-a357-ab6d1dd797f1,e0cc1341-fa51-41b7-91ec-0108cc1237df,3,8/30/2023,77210
